process_name,notes,contributor_id,date_created,date_updated,process_name_id
use,NULL,1,"2019-02-04 14:46:58","2019-02-04 14:46:58",1
"lithosphere economic resources",NULL,1,"2019-02-04 14:46:58","2019-02-04 14:46:58",2
landfilled,NULL,1,"2019-02-04 14:46:58","2019-02-04 14:46:58",3
tailings,NULL,1,"2019-02-04 14:46:58","2019-02-04 14:46:58",4
"production of engineering materials",NULL,1,"2019-02-04 14:46:58","2019-02-04 14:46:58",5
"aggregate fabrication and manufacturing",NULL,1,"2019-02-04 14:46:58","2019-02-04 14:46:58",6
"waste management",NULL,1,"2019-02-04 14:46:58","2019-02-04 14:46:58",7
"earth orbit",NULL,1,"2019-02-04 14:46:58","2019-02-04 14:46:58",8
moon,NULL,1,"2019-02-04 14:46:58","2019-02-04 14:46:58",9
atmosphere,NULL,1,"2019-02-04 14:46:58","2019-02-04 14:46:58",10
"fossil fuel resources",NULL,1,"2019-02-04 14:46:58","2019-02-04 14:46:58",11
"agricultural biomass",NULL,1,"2019-02-04 14:46:58","2019-02-04 14:46:58",12
"terrestrial biomass",NULL,1,"2019-02-04 14:46:58","2019-02-04 14:46:58",13
soil,NULL,1,"2019-02-04 14:46:58","2019-02-04 14:46:58",14
"continental regolith",NULL,1,"2019-02-04 14:46:58","2019-02-04 14:46:58",15
freshwater,NULL,1,"2019-02-04 14:46:58","2019-02-04 14:46:58",16
oceans,NULL,1,"2019-02-04 14:46:58","2019-02-04 14:46:58",17
"ocean biomass",NULL,1,"2019-02-04 14:46:58","2019-02-04 14:46:58",18
"continental margin regolith",NULL,1,"2019-02-04 14:46:58","2019-02-04 14:46:58",19
"seafloor regolith",NULL,1,"2019-02-04 14:46:58","2019-02-04 14:46:58",20
"upper continental crust",NULL,1,"2019-02-04 14:46:58","2019-02-04 14:46:58",21
"middle continental crust",NULL,1,"2019-02-04 14:46:58","2019-02-04 14:46:58",22
"lower continental crust",NULL,1,"2019-02-04 14:46:58","2019-02-04 14:46:58",23
"oceanic crust",NULL,1,"2019-02-04 14:46:58","2019-02-04 14:46:58",24
mantle,NULL,1,"2019-02-04 14:46:58","2019-02-04 14:46:58",25
core,NULL,1,"2019-02-04 14:46:58","2019-02-04 14:46:58",26
refining,NULL,1,"2019-02-04 14:46:58","2019-02-04 14:46:58",27
"fabrication and manufacturing",NULL,1,"2019-02-04 14:46:58","2019-02-04 14:46:58",28
environment,NULL,1,"2019-02-04 14:46:58","2019-02-04 14:46:58",29
landfill,NULL,1,"2019-02-04 14:46:58","2019-02-04 14:46:58",30
batteries,NULL,1,"2019-02-04 14:46:58","2019-02-04 14:46:58",31
"electricity generation and distribution",NULL,1,"2019-02-04 14:46:58","2019-02-04 14:46:58",32
plumbing,NULL,1,"2019-02-04 14:46:58","2019-02-04 14:46:58",33
wiring,NULL,1,"2019-02-04 14:46:58","2019-02-04 14:46:58",34
"passenger vehicles",NULL,1,"2019-02-04 14:46:58","2019-02-04 14:46:58",35
"hvac and air conditioning and refrigeration",NULL,1,"2019-02-04 14:46:58","2019-02-04 14:46:58",36
marine,NULL,1,"2019-02-04 14:46:58","2019-02-04 14:46:58",37
telecommunications,NULL,1,"2019-02-04 14:46:58","2019-02-04 14:46:58",38
household,NULL,1,"2019-02-04 14:46:58","2019-02-04 14:46:58",39
"white goods",NULL,1,"2019-02-04 14:46:58","2019-02-04 14:46:58",40
commercial,NULL,1,"2019-02-04 14:46:58","2019-02-04 14:46:58",41
"industrial machinery and equipment",NULL,1,"2019-02-04 14:46:58","2019-02-04 14:46:58",42
"trucks and buses",NULL,1,"2019-02-04 14:46:58","2019-02-04 14:46:58",43
"architectural roofing gutters etc",NULL,1,"2019-02-04 14:46:58","2019-02-04 14:46:58",44
hvac,NULL,1,"2019-02-04 14:46:58","2019-02-04 14:46:58",45
ships,NULL,1,"2019-02-04 14:46:58","2019-02-04 14:46:58",46
institutional,NULL,1,"2019-02-04 14:46:58","2019-02-04 14:46:58",47
industrial,NULL,1,"2019-02-04 14:46:58","2019-02-04 14:46:58",48
cars,NULL,1,"2019-02-04 14:46:58","2019-02-04 14:46:58",49
residential,NULL,1,"2019-02-04 14:46:58","2019-02-04 14:46:58",50
"water distribution",NULL,1,"2019-02-04 14:46:58","2019-02-04 14:46:58",51
"gas distribution",NULL,1,"2019-02-04 14:46:58","2019-02-04 14:46:58",52
"scrap yards",NULL,1,"2019-02-04 14:46:58","2019-02-04 14:46:58",53
bridges,NULL,1,"2019-02-04 14:46:58","2019-02-04 14:46:58",54
trucks,NULL,1,"2019-02-04 14:46:58","2019-02-04 14:46:58",55
rail,NULL,1,"2019-02-04 14:46:58","2019-02-04 14:46:58",56
"household electronics and appliances",NULL,1,"2019-02-04 14:46:58","2019-02-04 14:46:58",57
"boats and barges",NULL,1,"2019-02-04 14:46:58","2019-02-04 14:46:58",58
slag,NULL,1,"2019-02-04 14:46:58","2019-02-04 14:46:58",59
"lithosphere economic resource",NULL,1,"2019-02-04 14:46:58","2019-02-04 14:46:58",60
"universe non earth planetary bodies",NULL,1,"2019-02-04 14:46:58","2019-02-04 14:46:58",61
"oceanic regolith",NULL,1,"2019-02-04 14:46:58","2019-02-04 14:46:58",62
"consolidated crust",NULL,1,"2019-02-04 14:46:58","2019-02-04 14:46:58",63
"ethernet cable",NULL,1,"2019-02-04 14:46:58","2019-02-04 14:46:58",64
"chromated copper arsenate decks",NULL,1,"2019-02-04 14:46:58","2019-02-04 14:46:58",65
"other hardware",NULL,1,"2019-02-04 14:46:58","2019-02-04 14:46:58",66
"other hvac",NULL,1,"2019-02-04 14:46:58","2019-02-04 14:46:58",67
"garbage disposals",NULL,1,"2019-02-04 14:46:58","2019-02-04 14:46:58",68
"garage door openers",NULL,1,"2019-02-04 14:46:58","2019-02-04 14:46:58",69
"elevators escalators dumbwaiters",NULL,1,"2019-02-04 14:46:58","2019-02-04 14:46:58",70
"light trucks",NULL,1,"2019-02-04 14:46:58","2019-02-04 14:46:58",71
"large and specialty trucks",NULL,1,"2019-02-04 14:46:58","2019-02-04 14:46:58",72
motorcycles,NULL,1,"2019-02-04 14:46:58","2019-02-04 14:46:58",73
buses,NULL,1,"2019-02-04 14:46:58","2019-02-04 14:46:58",74
"other vehicles",NULL,1,"2019-02-04 14:46:58","2019-02-04 14:46:58",75
trailers,NULL,1,"2019-02-04 14:46:58","2019-02-04 14:46:58",76
air,NULL,1,"2019-02-04 14:46:58","2019-02-04 14:46:58",77
"refrigerators and freezers",NULL,1,"2019-02-04 14:46:58","2019-02-04 14:46:58",78
"clothes washing machines",NULL,1,"2019-02-04 14:46:58","2019-02-04 14:46:58",79
"clothes dryers",NULL,1,"2019-02-04 14:46:58","2019-02-04 14:46:58",80
dishwashers,NULL,1,"2019-02-04 14:46:58","2019-02-04 14:46:58",81
"stove ranges and ovens",NULL,1,"2019-02-04 14:46:58","2019-02-04 14:46:58",82
"microwave ovens",NULL,1,"2019-02-04 14:46:58","2019-02-04 14:46:58",83
"portable air conditioners",NULL,1,"2019-02-04 14:46:58","2019-02-04 14:46:58",84
"blast chillers",NULL,1,"2019-02-04 14:46:58","2019-02-04 14:46:58",85
"ice machines",NULL,1,"2019-02-04 14:46:58","2019-02-04 14:46:58",86
"auto mechanic tools",NULL,1,"2019-02-04 14:46:58","2019-02-04 14:46:58",87
computers,NULL,1,"2019-02-04 14:46:58","2019-02-04 14:46:58",88
televisions,NULL,1,"2019-02-04 14:46:58","2019-02-04 14:46:58",89
telephones,NULL,1,"2019-02-04 14:46:58","2019-02-04 14:46:58",90
"steroes and radios",NULL,1,"2019-02-04 14:46:58","2019-02-04 14:46:58",91
"vacuum cleaners",NULL,1,"2019-02-04 14:46:58","2019-02-04 14:46:58",92
"hair dryers",NULL,1,"2019-02-04 14:46:58","2019-02-04 14:46:58",93
"extension cords",NULL,1,"2019-02-04 14:46:58","2019-02-04 14:46:58",94
"kitchen stationary mixers",NULL,1,"2019-02-04 14:46:58","2019-02-04 14:46:58",95
"electric blenders",NULL,1,"2019-02-04 14:46:58","2019-02-04 14:46:58",96
"food processors",NULL,1,"2019-02-04 14:46:58","2019-02-04 14:46:58",97
"electric lawnmowers",NULL,1,"2019-02-04 14:46:58","2019-02-04 14:46:58",98
"sewing machines",NULL,1,"2019-02-04 14:46:58","2019-02-04 14:46:58",99
"construction and mining machinery",NULL,1,"2019-02-04 14:46:58","2019-02-04 14:46:58",100
forklifts,NULL,1,"2019-02-04 14:46:58","2019-02-04 14:46:58",101
"manufacturing machinery",NULL,1,"2019-02-04 14:46:58","2019-02-04 14:46:58",102
"farm machinery",NULL,1,"2019-02-04 14:46:58","2019-02-04 14:46:58",103
"pots and pans",NULL,1,"2019-02-04 14:46:58","2019-02-04 14:46:58",104
"brass bullet shells",NULL,1,"2019-02-04 14:46:58","2019-02-04 14:46:58",105
"brass musical instruments",NULL,1,"2019-02-04 14:46:58","2019-02-04 14:46:58",106
coinage,NULL,1,"2019-02-04 14:46:58","2019-02-04 14:46:58",107
food,NULL,1,"2019-02-04 14:46:58","2019-02-04 14:46:58",108
"chromated copper arsenate lumber",NULL,1,"2019-02-04 14:46:58","2019-02-04 14:46:58",109
"cable tv coaxial lines",NULL,1,"2019-02-04 14:46:58","2019-02-04 14:46:58",110
"sbc phone lines",NULL,1,"2019-02-04 14:46:58","2019-02-04 14:46:58",111
"electricity transmission and distribution",NULL,1,"2019-02-04 14:46:58","2019-02-04 14:46:58",112
"power stations",NULL,1,"2019-02-04 14:46:58","2019-02-04 14:46:58",113
"railway overhead contact system wire",NULL,1,"2019-02-04 14:46:58","2019-02-04 14:46:58",114
"water mains",NULL,1,"2019-02-04 14:46:58","2019-02-04 14:46:58",115
"service lines",NULL,1,"2019-02-04 14:46:58","2019-02-04 14:46:58",116
"air cocks and blow-offs",NULL,1,"2019-02-04 14:46:58","2019-02-04 14:46:58",117
"natural gas",NULL,1,"2019-02-04 14:46:58","2019-02-04 14:46:58",118
"streetscape electrical wire",NULL,1,"2019-02-04 14:46:58","2019-02-04 14:46:58",119
"building and construction",NULL,1,"2019-02-04 14:46:58","2019-02-04 14:46:58",120
"electrical and electronic products",NULL,1,"2019-02-04 14:46:58","2019-02-04 14:46:58",121
infrastructure,NULL,1,"2019-02-04 14:46:58","2019-02-04 14:46:58",122
transportation,NULL,1,"2019-02-04 14:46:58","2019-02-04 14:46:58",123
"lithosphere econmic resources",NULL,1,"2019-02-04 14:46:58","2019-02-04 14:46:58",124
"consumer and commercial durables",NULL,1,"2019-02-04 14:46:58","2019-02-04 14:46:58",125
"consumer durables",NULL,1,"2019-02-04 14:46:58","2019-02-04 14:46:58",126
"commercial durables",NULL,1,"2019-02-04 14:46:58","2019-02-04 14:46:58",127
"bauxite mining",NULL,1,"2019-02-04 14:46:58","2019-02-04 14:46:58",128
"alumina refining",NULL,1,"2019-02-04 14:46:58","2019-02-04 14:46:58",129
"primary aluminum smelting",NULL,1,"2019-02-04 14:46:58","2019-02-04 14:46:58",130
"ingot casting",NULL,1,"2019-02-04 14:46:58","2019-02-04 14:46:58",131
fabrication,NULL,1,"2019-02-04 14:46:58","2019-02-04 14:46:58",132
"foundry casting",NULL,1,"2019-02-04 14:46:58","2019-02-04 14:46:58",133
rolling,NULL,1,"2019-02-04 14:46:58","2019-02-04 14:46:58",134
"extrusion drawing",NULL,1,"2019-02-04 14:46:58","2019-02-04 14:46:58",135
other,NULL,1,"2019-02-04 14:46:58","2019-02-04 14:46:58",136
"sand castings",NULL,1,"2019-02-04 14:46:58","2019-02-04 14:46:58",137
"mold castings",NULL,1,"2019-02-04 14:46:58","2019-02-04 14:46:58",138
"die castings",NULL,1,"2019-02-04 14:46:58","2019-02-04 14:46:58",139
"other castings",NULL,1,"2019-02-04 14:46:58","2019-02-04 14:46:58",140
"sheet plate",NULL,1,"2019-02-04 14:46:58","2019-02-04 14:46:58",141
foil,NULL,1,"2019-02-04 14:46:58","2019-02-04 14:46:58",142
"electrical conductor",NULL,1,"2019-02-04 14:46:58","2019-02-04 14:46:58",143
wire,NULL,1,"2019-02-04 14:46:58","2019-02-04 14:46:58",144
"powder paste",NULL,1,"2019-02-04 14:46:58","2019-02-04 14:46:58",145
"forgings impacts",NULL,1,"2019-02-04 14:46:58","2019-02-04 14:46:58",146
manufacturing,NULL,1,"2019-02-04 14:46:58","2019-02-04 14:46:58",147
transport,NULL,1,"2019-02-04 14:46:58","2019-02-04 14:46:58",148
construction,NULL,1,"2019-02-04 14:46:58","2019-02-04 14:46:58",149
"industrial machinery",NULL,1,"2019-02-04 14:46:58","2019-02-04 14:46:58",150
electrical,NULL,1,"2019-02-04 14:46:58","2019-02-04 14:46:58",151
"containers packaging",NULL,1,"2019-02-04 14:46:58","2019-02-04 14:46:58",152
"transport ",NULL,1,"2019-02-04 14:46:58","2019-02-04 14:46:58",153
"construction ",NULL,1,"2019-02-04 14:46:58","2019-02-04 14:46:58",154
"electrical ",NULL,1,"2019-02-04 14:46:58","2019-02-04 14:46:58",155
"other ",NULL,1,"2019-02-04 14:46:58","2019-02-04 14:46:58",156
"new scrap",NULL,1,"2019-02-04 14:46:58","2019-02-04 14:46:58",157
"old scrap",NULL,1,"2019-02-04 14:46:58","2019-02-04 14:46:58",158
"separation treatment",NULL,1,"2019-02-04 14:46:58","2019-02-04 14:46:58",159
melting,NULL,1,"2019-02-04 14:46:58","2019-02-04 14:46:58",160
"secondary smelters",NULL,1,"2019-02-04 14:46:58","2019-02-04 14:46:58",161
"integrated producers",NULL,1,"2019-02-04 14:46:58","2019-02-04 14:46:58",162
others,NULL,1,"2019-02-04 14:46:58","2019-02-04 14:46:58",163
automotives,NULL,1,"2019-02-04 14:46:58","2019-02-04 14:46:58",164
"freight vehicles",NULL,1,"2019-02-04 14:46:58","2019-02-04 14:46:58",165
"specialty vehicles",NULL,1,"2019-02-04 14:46:58","2019-02-04 14:46:58",166
"agricultural vehicles",NULL,1,"2019-02-04 14:46:58","2019-02-04 14:46:58",167
"military vehicles",NULL,1,"2019-02-04 14:46:58","2019-02-04 14:46:58",168
"police vehicles",NULL,1,"2019-02-04 14:46:58","2019-02-04 14:46:58",169
bicycles,NULL,1,"2019-02-04 14:46:58","2019-02-04 14:46:58",170
aerospace,NULL,1,"2019-02-04 14:46:58","2019-02-04 14:46:58",171
civil_aircraft,NULL,1,"2019-02-04 14:46:58","2019-02-04 14:46:58",172
military_aircraft,NULL,1,"2019-02-04 14:46:58","2019-02-04 14:46:58",173
"transport vessels",NULL,1,"2019-02-04 14:46:58","2019-02-04 14:46:58",174
barges,NULL,1,"2019-02-04 14:46:58","2019-02-04 14:46:58",175
"fishing vessels",NULL,1,"2019-02-04 14:46:58","2019-02-04 14:46:58",176
"military vessels",NULL,1,"2019-02-04 14:46:58","2019-02-04 14:46:58",177
locomotives,NULL,1,"2019-02-04 14:46:58","2019-02-04 14:46:58",178
"passenger rail cars",NULL,1,"2019-02-04 14:46:58","2019-02-04 14:46:58",179
"specialty freight cars",NULL,1,"2019-02-04 14:46:58","2019-02-04 14:46:58",180
"subway vehicles",NULL,1,"2019-02-04 14:46:58","2019-02-04 14:46:58",181
cargo,NULL,1,"2019-02-04 14:46:58","2019-02-04 14:46:58",182
rural,NULL,1,"2019-02-04 14:46:58","2019-02-04 14:46:58",183
urban,NULL,1,"2019-02-04 14:46:58","2019-02-04 14:46:58",184
nonresidential,NULL,1,"2019-02-04 14:46:58","2019-02-04 14:46:58",185
signs,NULL,1,"2019-02-04 14:46:58","2019-02-04 14:46:58",186
"road signs",NULL,1,"2019-02-04 14:46:58","2019-02-04 14:46:58",187
"street signs",NULL,1,"2019-02-04 14:46:58","2019-02-04 14:46:58",188
"street lights",NULL,1,"2019-02-04 14:46:58","2019-02-04 14:46:58",189
"transmission distribution",NULL,1,"2019-02-04 14:46:58","2019-02-04 14:46:58",190
transformation,NULL,1,"2019-02-04 14:46:58","2019-02-04 14:46:58",191
transformers,NULL,1,"2019-02-04 14:46:58","2019-02-04 14:46:58",192
"bus bars and related",NULL,1,"2019-02-04 14:46:58","2019-02-04 14:46:58",193
"generation equipment",NULL,1,"2019-02-04 14:46:58","2019-02-04 14:46:58",194
"household durables",NULL,1,"2019-02-04 14:46:58","2019-02-04 14:46:58",195
refrigerators_freezers,NULL,1,"2019-02-04 14:46:58","2019-02-04 14:46:58",196
washing_machines,NULL,1,"2019-02-04 14:46:58","2019-02-04 14:46:58",197
microwaves,NULL,1,"2019-02-04 14:46:58","2019-02-04 14:46:58",198
"electric pots cookers",NULL,1,"2019-02-04 14:46:58","2019-02-04 14:46:58",199
"electrical non white goods",NULL,1,"2019-02-04 14:46:58","2019-02-04 14:46:58",200
"electric fans",NULL,1,"2019-02-04 14:46:58","2019-02-04 14:46:58",201
"dvd vcd players",NULL,1,"2019-02-04 14:46:58","2019-02-04 14:46:58",202
"cameras camcorders",NULL,1,"2019-02-04 14:46:58","2019-02-04 14:46:58",203
"mobile phones",NULL,1,"2019-02-04 14:46:58","2019-02-04 14:46:58",204
"stereos radios",NULL,1,"2019-02-04 14:46:58","2019-02-04 14:46:58",205
"air filters",NULL,1,"2019-02-04 14:46:58","2019-02-04 14:46:58",206
"electric heaters",NULL,1,"2019-02-04 14:46:58","2019-02-04 14:46:58",207
sterilizers,NULL,1,"2019-02-04 14:46:58","2019-02-04 14:46:58",208
"fax machines",NULL,1,"2019-02-04 14:46:58","2019-02-04 14:46:58",209
"pots pans",NULL,1,"2019-02-04 14:46:58","2019-02-04 14:46:58",210
printers,NULL,1,"2019-02-04 14:46:58","2019-02-04 14:46:58",211
copiers,NULL,1,"2019-02-04 14:46:58","2019-02-04 14:46:58",212
"ordinary machinery",NULL,1,"2019-02-04 14:46:58","2019-02-04 14:46:58",213
mining,NULL,1,"2019-02-04 14:46:58","2019-02-04 14:46:58",214
"oil gas extraction",NULL,1,"2019-02-04 14:46:58","2019-02-04 14:46:58",215
"timber processing",NULL,1,"2019-02-04 14:46:58","2019-02-04 14:46:58",216
"food processing",NULL,1,"2019-02-04 14:46:58","2019-02-04 14:46:58",217
"beverage processing",NULL,1,"2019-02-04 14:46:58","2019-02-04 14:46:58",218
"tobacco cigarettes",NULL,1,"2019-02-04 14:46:58","2019-02-04 14:46:58",219
textiles,NULL,1,"2019-02-04 14:46:58","2019-02-04 14:46:58",220
furniture,NULL,1,"2019-02-04 14:46:58","2019-02-04 14:46:58",221
paper,NULL,1,"2019-02-04 14:46:58","2019-02-04 14:46:58",222
"petroleum processing",NULL,1,"2019-02-04 14:46:58","2019-02-04 14:46:58",223
"chemical petrochemical",NULL,1,"2019-02-04 14:46:58","2019-02-04 14:46:58",224
"daily chemicals",NULL,1,"2019-02-04 14:46:58","2019-02-04 14:46:58",225
pharmeceuticals,NULL,1,"2019-02-04 14:46:58","2019-02-04 14:46:58",226
"rubber plastic",NULL,1,"2019-02-04 14:46:58","2019-02-04 14:46:58",227
"construction materials",NULL,1,"2019-02-04 14:46:58","2019-02-04 14:46:58",228
"metal processing",NULL,1,"2019-02-04 14:46:58","2019-02-04 14:46:58",229
"other light industry",NULL,1,"2019-02-04 14:46:58","2019-02-04 14:46:58",230
"transportation manufacturing",NULL,1,"2019-02-04 14:46:58","2019-02-04 14:46:58",231
"electrical product manufacturing",NULL,1,"2019-02-04 14:46:58","2019-02-04 14:46:58",232
appliances,NULL,1,"2019-02-04 14:46:58","2019-02-04 14:46:58",233
"electronics information technology",NULL,1,"2019-02-04 14:46:58","2019-02-04 14:46:58",234
"lighting optical",NULL,1,"2019-02-04 14:46:58","2019-02-04 14:46:58",235
office,NULL,1,"2019-02-04 14:46:58","2019-02-04 14:46:58",236
"construction machinery",NULL,1,"2019-02-04 14:46:58","2019-02-04 14:46:58",237
"agricultural machinery",NULL,1,"2019-02-04 14:46:58","2019-02-04 14:46:58",238
irrigation,NULL,1,"2019-02-04 14:46:58","2019-02-04 14:46:58",239
"crop care",NULL,1,"2019-02-04 14:46:58","2019-02-04 14:46:58",240
harvesting,NULL,1,"2019-02-04 14:46:58","2019-02-04 14:46:58",241
"threshing drying",NULL,1,"2019-02-04 14:46:58","2019-02-04 14:46:58",242
"seed processing",NULL,1,"2019-02-04 14:46:58","2019-02-04 14:46:58",243
"agricultural produce processing",NULL,1,"2019-02-04 14:46:58","2019-02-04 14:46:58",244
"animal husbandry",NULL,1,"2019-02-04 14:46:58","2019-02-04 14:46:58",245
greenhouses,NULL,1,"2019-02-04 14:46:58","2019-02-04 14:46:58",246
cans,NULL,1,"2019-02-04 14:46:58","2019-02-04 14:46:58",247
"other packaging",NULL,1,"2019-02-04 14:46:58","2019-02-04 14:46:58",248
landill,NULL,1,"2019-02-04 14:46:58","2019-02-04 14:46:58",249
"primary smelting refining",NULL,1,"2019-02-04 14:46:58","2019-02-04 14:46:58",250
"SLI batteries",NULL,1,"2019-02-04 14:46:58","2019-02-04 14:46:58",251
"stationary batteries",NULL,1,"2019-02-04 14:46:58","2019-02-04 14:46:58",252
pipe,NULL,1,"2019-02-04 14:46:58","2019-02-04 14:46:58",253
sheet,NULL,1,"2019-02-04 14:46:58","2019-02-04 14:46:58",254
alloys,NULL,1,"2019-02-04 14:46:58","2019-02-04 14:46:58",255
"engineering materials",NULL,1,"2019-02-04 14:46:58","2019-02-04 14:46:58",256
dissipation,NULL,1,"2019-02-04 14:46:58","2019-02-04 14:46:58",257
"sludge slimes",NULL,1,"2019-02-04 14:46:58","2019-02-04 14:46:58",258
"FeCr slag",NULL,1,"2019-02-04 14:46:58","2019-02-04 14:46:58",259
plasma,NULL,1,"2019-02-04 14:46:58","2019-02-04 14:46:58",260
"defence applications",NULL,1,"2019-02-04 14:46:58","2019-02-04 14:46:58",261
"liquid crystal displays",NULL,1,"2019-02-04 14:46:58","2019-02-04 14:46:58",262
lighting,NULL,1,"2019-02-04 14:46:58","2019-02-04 14:46:58",263
fertilizers,NULL,1,"2019-02-04 14:46:58","2019-02-04 14:46:58",264
"magnetic resonance imaging",NULL,1,"2019-02-04 14:46:58","2019-02-04 14:46:58",265
"family appliances",NULL,1,"2019-02-04 14:46:58","2019-02-04 14:46:58",266
"polishing powders",NULL,1,"2019-02-04 14:46:58","2019-02-04 14:46:58",267
"wind turbines",NULL,1,"2019-02-04 14:46:58","2019-02-04 14:46:58",268
automobiles,NULL,1,"2019-02-04 14:46:58","2019-02-04 14:46:58",269
catalysts,NULL,1,"2019-02-04 14:46:58","2019-02-04 14:46:58",270
"NiMH batteries",NULL,1,"2019-02-04 14:46:58","2019-02-04 14:46:58",271
"glass additives",NULL,1,"2019-02-04 14:46:58","2019-02-04 14:46:58",272
"audio systems",NULL,1,"2019-02-04 14:46:58","2019-02-04 14:46:58",273
"auto converters",NULL,1,"2019-02-04 14:46:58","2019-02-04 14:46:58",274
metallurgy,NULL,1,"2019-02-04 14:46:58","2019-02-04 14:46:58",275
glasses,NULL,1,"2019-02-04 14:46:58","2019-02-04 14:46:58",276
greases,NULL,1,"2019-02-04 14:46:58","2019-02-04 14:46:58",277
electronics,NULL,1,"2019-02-04 14:46:58","2019-02-04 14:46:58",278
ceramics,NULL,1,"2019-02-04 14:46:58","2019-02-04 14:46:58",279
soaps,NULL,1,"2019-02-04 14:46:58","2019-02-04 14:46:58",280
agriculture,NULL,1,"2019-02-04 14:46:58","2019-02-04 14:46:58",281
refractories,NULL,1,"2019-02-04 14:46:58","2019-02-04 14:46:58",282
chemicals,NULL,1,"2019-02-04 14:46:58","2019-02-04 14:46:58",283
buildings,NULL,1,"2019-02-04 14:46:58","2019-02-04 14:46:58",284
"Al alloys",NULL,1,"2019-02-04 14:46:58","2019-02-04 14:46:58",285
lamps,NULL,1,"2019-02-04 14:46:58","2019-02-04 14:46:58",286
pigments,NULL,1,"2019-02-04 14:46:58","2019-02-04 14:46:58",287
aersopace,NULL,1,"2019-02-04 14:46:58","2019-02-04 14:46:58",288
steels,NULL,1,"2019-02-04 14:46:58","2019-02-04 14:46:58",289
"Ti-Al alloys",NULL,1,"2019-02-04 14:46:58","2019-02-04 14:46:58",290
"buildings infrastructure",NULL,1,"2019-02-04 14:46:58","2019-02-04 14:46:58",291
"metal goods and other",NULL,1,"2019-02-04 14:46:58","2019-02-04 14:46:58",292
superalloys,NULL,1,"2019-02-04 14:46:58","2019-02-04 14:46:58",293
"stainless steels",NULL,1,"2019-02-04 14:46:58","2019-02-04 14:46:58",294
platings,NULL,1,"2019-02-04 14:46:58","2019-02-04 14:46:58",295
galvanizing,NULL,1,"2019-02-04 14:46:58","2019-02-04 14:46:58",296
"casting alloys",NULL,1,"2019-02-04 14:46:58","2019-02-04 14:46:58",297
"brass and bronze",NULL,1,"2019-02-04 14:46:58","2019-02-04 14:46:58",298
optoelectronics,NULL,1,"2019-02-04 14:46:58","2019-02-04 14:46:58",299
"fiber optics",NULL,1,"2019-02-04 14:46:58","2019-02-04 14:46:58",300
"infrared optics",NULL,1,"2019-02-04 14:46:58","2019-02-04 14:46:58",301
"wood preservatives",NULL,1,"2019-02-04 14:46:58","2019-02-04 14:46:58",302
pyrotechnics,NULL,1,"2019-02-04 14:46:58","2019-02-04 14:46:58",303
magnets,NULL,1,"2019-02-04 14:46:58","2019-02-04 14:46:58",304
"flat-panel displays",NULL,1,"2019-02-04 14:46:58","2019-02-04 14:46:58",305
electrochemical,NULL,1,"2019-02-04 14:46:58","2019-02-04 14:46:58",306
autocatalysts,NULL,1,"2019-02-04 14:46:58","2019-02-04 14:46:58",307
jewelry,NULL,1,"2019-02-04 14:46:58","2019-02-04 14:46:58",308
photography,NULL,1,"2019-02-04 14:46:58","2019-02-04 14:46:58",309
monitors,NULL,1,"2019-02-04 14:46:58","2019-02-04 14:46:58",310
computeres,NULL,1,"2019-02-04 14:46:58","2019-02-04 14:46:58",311
magnetics,NULL,1,"2019-02-04 14:46:58","2019-02-04 14:46:58",312
lasers,NULL,1,"2019-02-04 14:46:58","2019-02-04 14:46:58",313
"optical glass",NULL,1,"2019-02-04 14:46:58","2019-02-04 14:46:58",314
"portable X-ray devices",NULL,1,"2019-02-04 14:46:58","2019-02-04 14:46:58",315
medical,NULL,1,"2019-02-04 14:46:58","2019-02-04 14:46:58",316
"nuclear power",NULL,1,"2019-02-04 14:46:58","2019-02-04 14:46:58",317
capacitors,NULL,1,"2019-02-04 14:46:58","2019-02-04 14:46:58",318
"other electronics",NULL,1,"2019-02-04 14:46:58","2019-02-04 14:46:58",319
"cutting tools",NULL,1,"2019-02-04 14:46:58","2019-02-04 14:46:58",320
crucibles,NULL,1,"2019-02-04 14:46:58","2019-02-04 14:46:58",321
electrochemicals,NULL,1,"2019-02-04 14:46:58","2019-02-04 14:46:58",322
chemical,NULL,1,"2019-02-04 14:46:58","2019-02-04 14:46:58",323
dental,NULL,1,"2019-02-04 14:46:58","2019-02-04 14:46:58",324
"radiation detection",NULL,1,"2019-02-04 14:46:58","2019-02-04 14:46:58",325
"sheet pipe",NULL,1,"2019-02-04 14:46:58","2019-02-04 14:46:58",326
"cable sheathing",NULL,1,"2019-02-04 14:46:58","2019-02-04 14:46:58",327
photovoltaics,NULL,1,"2019-02-04 14:46:58","2019-02-04 14:46:58",328
photoreceptors,NULL,1,"2019-02-04 14:46:58","2019-02-04 14:46:58",329
rectifiers,NULL,1,"2019-02-04 14:46:58","2019-02-04 14:46:58",330
orphaned,NULL,1,"2019-02-04 14:46:58","2019-02-04 14:46:58",331
"radioactive decay",NULL,1,"2019-02-04 14:46:58","2019-02-04 14:46:58",332
brachytherapy,NULL,1,"2019-02-04 14:46:58","2019-02-04 14:46:58",333
"well logging",NULL,1,"2019-02-04 14:46:58","2019-02-04 14:46:58",334
irradiator,NULL,1,"2019-02-04 14:46:58","2019-02-04 14:46:58",335
gauges,NULL,1,"2019-02-04 14:46:58","2019-02-04 14:46:58",336
"bulk materials elemental analyzer",NULL,1,"2019-02-04 14:46:58","2019-02-04 14:46:58",337
"depleted uranium collimator",NULL,1,"2019-02-04 14:46:58","2019-02-04 14:46:58",338
"liquid scintillation counter calibration",NULL,1,"2019-02-04 14:46:58","2019-02-04 14:46:58",339
"loose calibration source",NULL,1,"2019-02-04 14:46:58","2019-02-04 14:46:58",340
"electron tube",NULL,1,"2019-02-04 14:46:58","2019-02-04 14:46:58",341
"ionizing radiation measurement instruments",NULL,1,"2019-02-04 14:46:58","2019-02-04 14:46:58",342
"manual afterloading",NULL,1,"2019-02-04 14:46:58","2019-02-04 14:46:58",343
"ldr remote afterloading",NULL,1,"2019-02-04 14:46:58","2019-02-04 14:46:58",344
"general license",NULL,1,"2019-02-04 14:46:58","2019-02-04 14:46:58",345
"specific license",NULL,1,"2019-02-04 14:46:58","2019-02-04 14:46:58",346
"fixed gauge small calibrator",NULL,1,"2019-02-04 14:46:58","2019-02-04 14:46:58",347
"portable gauge",NULL,1,"2019-02-04 14:46:58","2019-02-04 14:46:58",348
"neutron source",NULL,1,"2019-02-04 14:46:58","2019-02-04 14:46:58",349
"specialty and large trucks",NULL,1,"2019-02-04 14:46:58","2019-02-04 14:46:58",350
"motorcycles and similar",NULL,1,"2019-02-04 14:46:58","2019-02-04 14:46:58",351
non-resident,NULL,1,"2019-02-04 14:46:58","2019-02-04 14:46:58",352
resident,NULL,1,"2019-02-04 14:46:58","2019-02-04 14:46:58",353
structures,NULL,1,"2019-02-04 14:46:58","2019-02-04 14:46:58",354
"single family",NULL,1,"2019-02-04 14:46:58","2019-02-04 14:46:58",355
"multi family",NULL,1,"2019-02-04 14:46:58","2019-02-04 14:46:58",356
apartments,NULL,1,"2019-02-04 14:46:58","2019-02-04 14:46:58",357
"heat pumps",NULL,1,"2019-02-04 14:46:58","2019-02-04 14:46:58",358
"gas-fired furnaces",NULL,1,"2019-02-04 14:46:58","2019-02-04 14:46:58",359
"oil-fired boilers",NULL,1,"2019-02-04 14:46:58","2019-02-04 14:46:58",360
"oil tanks",NULL,1,"2019-02-04 14:46:58","2019-02-04 14:46:58",361
"built-in electric heaters",NULL,1,"2019-02-04 14:46:58","2019-02-04 14:46:58",362
"wood stoves",NULL,1,"2019-02-04 14:46:58","2019-02-04 14:46:58",363
"central air conditioning",NULL,1,"2019-02-04 14:46:58","2019-02-04 14:46:58",364
radiators,NULL,1,"2019-02-04 14:46:58","2019-02-04 14:46:58",365
"chimney liners",NULL,1,"2019-02-04 14:46:58","2019-02-04 14:46:58",366
"water heaters",NULL,1,"2019-02-04 14:46:58","2019-02-04 14:46:58",367
"kitchen sinks",NULL,1,"2019-02-04 14:46:58","2019-02-04 14:46:58",368
"septic tanks",NULL,1,"2019-02-04 14:46:58","2019-02-04 14:46:58",369
masonry-brick,NULL,1,"2019-02-04 14:46:58","2019-02-04 14:46:58",370
concrete,NULL,1,"2019-02-04 14:46:58","2019-02-04 14:46:58",371
steel,NULL,1,"2019-02-04 14:46:58","2019-02-04 14:46:58",372
"ventilation and sprinklers",NULL,1,"2019-02-04 14:46:58","2019-02-04 14:46:58",373
"space heaters",NULL,1,"2019-02-04 14:46:58","2019-02-04 14:46:58",374
"packaged heating units",NULL,1,"2019-02-04 14:46:58","2019-02-04 14:46:58",375
"central air conditiong",NULL,1,"2019-02-04 14:46:58","2019-02-04 14:46:58",376
"central chillers",NULL,1,"2019-02-04 14:46:58","2019-02-04 14:46:58",377
"packaged air conditioning",NULL,1,"2019-02-04 14:46:58","2019-02-04 14:46:58",378
"swamp coolers",NULL,1,"2019-02-04 14:46:58","2019-02-04 14:46:58",379
"walk-in freezers",NULL,1,"2019-02-04 14:46:58","2019-02-04 14:46:58",380
"built-in refrigerated cases",NULL,1,"2019-02-04 14:46:58","2019-02-04 14:46:58",381
"commercial sinks",NULL,1,"2019-02-04 14:46:58","2019-02-04 14:46:58",382
elevators,NULL,1,"2019-02-04 14:46:58","2019-02-04 14:46:58",383
"power plants",NULL,1,"2019-02-04 14:46:58","2019-02-04 14:46:58",384
heating,NULL,1,"2019-02-04 14:46:58","2019-02-04 14:46:58",385
cooling,NULL,1,"2019-02-04 14:46:58","2019-02-04 14:46:58",386
equipment,NULL,1,"2019-02-04 14:46:58","2019-02-04 14:46:58",387
"washing machines",NULL,1,"2019-02-04 14:46:58","2019-02-04 14:46:58",388
"stoves and domestic cooking ranges",NULL,1,"2019-02-04 14:46:58","2019-02-04 14:46:58",389
"electrical and electronic",NULL,1,"2019-02-04 14:46:58","2019-02-04 14:46:58",390
"stereos and radios",NULL,1,"2019-02-04 14:46:58","2019-02-04 14:46:58",391
irons,NULL,1,"2019-02-04 14:46:58","2019-02-04 14:46:58",392
tableware,NULL,1,"2019-02-04 14:46:58","2019-02-04 14:46:58",393
"steel and tin cans",NULL,1,"2019-02-04 14:46:58","2019-02-04 14:46:58",394
"charcoal and gas grills",NULL,1,"2019-02-04 14:46:58","2019-02-04 14:46:58",395
beds,NULL,1,"2019-02-04 14:46:58","2019-02-04 14:46:58",396
"filing cabinets",NULL,1,"2019-02-04 14:46:58","2019-02-04 14:46:58",397
tools,NULL,1,"2019-02-04 14:46:58","2019-02-04 14:46:58",398
"lawn mowers",NULL,1,"2019-02-04 14:46:58","2019-02-04 14:46:58",399
"snow blowers",NULL,1,"2019-02-04 14:46:58","2019-02-04 14:46:58",400
guns,NULL,1,"2019-02-04 14:46:58","2019-02-04 14:46:58",401
"commercial electronics and appliances",NULL,1,"2019-02-04 14:46:58","2019-02-04 14:46:58",402
"stoves and ovens and steamers",NULL,1,"2019-02-04 14:46:58","2019-02-04 14:46:58",403
fryers,NULL,1,"2019-02-04 14:46:58","2019-02-04 14:46:58",404
"eletrical and electronic",NULL,1,"2019-02-04 14:46:58","2019-02-04 14:46:58",405
shelving,NULL,1,"2019-02-04 14:46:58","2019-02-04 14:46:58",406
"desks and tables",NULL,1,"2019-02-04 14:46:58","2019-02-04 14:46:58",407
chairs,NULL,1,"2019-02-04 14:46:58","2019-02-04 14:46:58",408
"restaurant cooking equipment",NULL,1,"2019-02-04 14:46:58","2019-02-04 14:46:58",409
"automotive tools",NULL,1,"2019-02-04 14:46:58","2019-02-04 14:46:58",410
"shopping carts",NULL,1,"2019-02-04 14:46:58","2019-02-04 14:46:58",411
kegs,NULL,1,"2019-02-04 14:46:58","2019-02-04 14:46:58",412
"laboratory equipment and hvac",NULL,1,"2019-02-04 14:46:58","2019-02-04 14:46:58",413
dumpsters,NULL,1,"2019-02-04 14:46:58","2019-02-04 14:46:58",414
"industrial machinery and appliances",NULL,1,"2019-02-04 14:46:58","2019-02-04 14:46:58",415
"agriculture and forestry",NULL,1,"2019-02-04 14:46:58","2019-02-04 14:46:58",416
"transportation and warehousing",NULL,1,"2019-02-04 14:46:58","2019-02-04 14:46:58",417
"manufacturing equipment",NULL,1,"2019-02-04 14:46:58","2019-02-04 14:46:58",418
small,NULL,1,"2019-02-04 14:46:58","2019-02-04 14:46:58",419
large,NULL,1,"2019-02-04 14:46:58","2019-02-04 14:46:58",420
"process boilers",NULL,1,"2019-02-04 14:46:58","2019-02-04 14:46:58",421
"steel drums",NULL,1,"2019-02-04 14:46:58","2019-02-04 14:46:58",422
vehicles,NULL,1,"2019-02-04 14:46:58","2019-02-04 14:46:58",423
cranes,NULL,1,"2019-02-04 14:46:58","2019-02-04 14:46:58",424
"supply and distribution mains",NULL,1,"2019-02-04 14:46:58","2019-02-04 14:46:58",425
hydrants,NULL,1,"2019-02-04 14:46:58","2019-02-04 14:46:58",426
"service connections",NULL,1,"2019-02-04 14:46:58","2019-02-04 14:46:58",427
pumps,NULL,1,"2019-02-04 14:46:58","2019-02-04 14:46:58",428
"private wells",NULL,1,"2019-02-04 14:46:58","2019-02-04 14:46:58",429
mains,NULL,1,"2019-02-04 14:46:58","2019-02-04 14:46:58",430
meters,NULL,1,"2019-02-04 14:46:58","2019-02-04 14:46:58",431
"oil storage and distribution",NULL,1,"2019-02-04 14:46:58","2019-02-04 14:46:58",432
tanks,NULL,1,"2019-02-04 14:46:58","2019-02-04 14:46:58",433
pipeline,NULL,1,"2019-02-04 14:46:58","2019-02-04 14:46:58",434
"storm sewers",NULL,1,"2019-02-04 14:46:58","2019-02-04 14:46:58",435
"manhole covers",NULL,1,"2019-02-04 14:46:58","2019-02-04 14:46:58",436
grates,NULL,1,"2019-02-04 14:46:58","2019-02-04 14:46:58",437
streetscape,NULL,1,"2019-02-04 14:46:58","2019-02-04 14:46:58",438
"traffic lights",NULL,1,"2019-02-04 14:46:58","2019-02-04 14:46:58",439
"chain link fence",NULL,1,"2019-02-04 14:46:58","2019-02-04 14:46:58",440
"guard rail",NULL,1,"2019-02-04 14:46:58","2019-02-04 14:46:58",441
billboards,NULL,1,"2019-02-04 14:46:58","2019-02-04 14:46:58",442
track,NULL,1,"2019-02-04 14:46:58","2019-02-04 14:46:58",443
"overhead contact system",NULL,1,"2019-02-04 14:46:58","2019-02-04 14:46:58",444
"roads and bridges",NULL,1,"2019-02-04 14:46:58","2019-02-04 14:46:58",445
"reinforced concrete roads",NULL,1,"2019-02-04 14:46:58","2019-02-04 14:46:58",446
cable,NULL,1,"2019-02-04 14:46:58","2019-02-04 14:46:58",447
towers,NULL,1,"2019-02-04 14:46:58","2019-02-04 14:46:58",448
manholes,NULL,1,"2019-02-04 14:46:58","2019-02-04 14:46:58",449
"machinery and appliances",NULL,1,"2019-02-04 14:46:58","2019-02-04 14:46:58",450
"obsolete products",NULL,1,"2019-02-04 14:46:58","2019-02-04 14:46:58",451
"buildings and infrastructre",NULL,1,"2019-02-04 14:46:58","2019-02-04 14:46:58",452
"household appliances and electronics",NULL,1,"2019-02-04 14:46:58","2019-02-04 14:46:58",453
"bank vaults",NULL,1,"2019-02-04 14:46:58","2019-02-04 14:46:58",454
escalators,NULL,1,"2019-02-04 14:46:58","2019-02-04 14:46:58",455
smokestacks,NULL,1,"2019-02-04 14:46:58","2019-02-04 14:46:58",456
"telecommunications support",NULL,1,"2019-02-04 14:46:58","2019-02-04 14:46:58",457
"restaurant industry",NULL,1,"2019-02-04 14:46:58","2019-02-04 14:46:58",458
auto,NULL,1,"2019-02-04 14:46:58","2019-02-04 14:46:58",459
cycles,NULL,1,"2019-02-04 14:46:58","2019-02-04 14:46:58",460
"scrap yard vehicles",NULL,1,"2019-02-04 14:46:58","2019-02-04 14:46:58",461
"industrial and construction machinery",NULL,1,"2019-02-04 14:46:58","2019-02-04 14:46:58",462
"farming tools",NULL,1,"2019-02-04 14:46:58","2019-02-04 14:46:58",463
"mechanics tools",NULL,1,"2019-02-04 14:46:58","2019-02-04 14:46:58",464
"specialized commercial equipment",NULL,1,"2019-02-04 14:46:58","2019-02-04 14:46:58",465
"stoves and domestric cooking",NULL,1,"2019-02-04 14:46:58","2019-02-04 14:46:58",466
"garbage disposers",NULL,1,"2019-02-04 14:46:58","2019-02-04 14:46:58",467
"other household appliances",NULL,1,"2019-02-04 14:46:58","2019-02-04 14:46:58",468
"rotary rack ovens",NULL,1,"2019-02-04 14:46:58","2019-02-04 14:46:58",469
"soft serve yogurt machines",NULL,1,"2019-02-04 14:46:58","2019-02-04 14:46:58",470
"other commercial appliances",NULL,1,"2019-02-04 14:46:58","2019-02-04 14:46:58",471
"domestic equipment",NULL,1,"2019-02-04 14:46:58","2019-02-04 14:46:58",472
"commercial equipment",NULL,1,"2019-02-04 14:46:58","2019-02-04 14:46:58",473
fasteners,NULL,1,"2019-02-04 14:46:58","2019-02-04 14:46:58",474
jewelery,NULL,1,"2019-02-04 14:46:58","2019-02-04 14:46:58",475
coins,NULL,1,"2019-02-04 14:46:58","2019-02-04 14:46:58",476
"hospital equipment",NULL,1,"2019-02-04 14:46:58","2019-02-04 14:46:58",477
cookware,NULL,1,"2019-02-04 14:46:58","2019-02-04 14:46:58",478
"household batteries",NULL,1,"2019-02-04 14:46:58","2019-02-04 14:46:58",479
"disposable razors",NULL,1,"2019-02-04 14:46:58","2019-02-04 14:46:58",480
"gardening tools",NULL,1,"2019-02-04 14:46:58","2019-02-04 14:46:58",481
kettles,NULL,1,"2019-02-04 14:46:58","2019-02-04 14:46:58",482
"air curtain cookers",NULL,1,"2019-02-04 14:46:58","2019-02-04 14:46:58",483
"tables and stations and bars and counters",NULL,1,"2019-02-04 14:46:58","2019-02-04 14:46:58",484
"cash register drawers",NULL,1,"2019-02-04 14:46:58","2019-02-04 14:46:58",485
"on-site sand waste",NULL,1,"2019-02-04 14:46:58","2019-02-04 14:46:58",486
"mining phosphate mine slimes",NULL,1,"2019-02-04 14:46:58","2019-02-04 14:46:58",487
"phosphoric tailings",NULL,1,"2019-02-04 14:46:58","2019-02-04 14:46:58",488
"beneficiation phosphate mine slimes",NULL,1,"2019-02-04 14:46:58","2019-02-04 14:46:58",489
phosphogypsum,NULL,1,"2019-02-04 14:46:58","2019-02-04 14:46:58",490
ferrophosphorus,NULL,1,"2019-02-04 14:46:58","2019-02-04 14:46:58",491
"phosphorus slag",NULL,1,"2019-02-04 14:46:58","2019-02-04 14:46:58",492
"crop residues",NULL,1,"2019-02-04 14:46:58","2019-02-04 14:46:58",493
"animal waste",NULL,1,"2019-02-04 14:46:58","2019-02-04 14:46:58",494
excreta,NULL,1,"2019-02-04 14:46:58","2019-02-04 14:46:58",495
"other human waste",NULL,1,"2019-02-04 14:46:58","2019-02-04 14:46:58",496
"food waste",NULL,1,"2019-02-04 14:46:58","2019-02-04 14:46:58",497
"slag and leachate",NULL,1,"2019-02-04 14:46:58","2019-02-04 14:46:58",498
"water bodies",NULL,1,"2019-02-04 14:46:58","2019-02-04 14:46:58",499
land,NULL,1,"2019-02-04 14:46:58","2019-02-04 14:46:58",500
hibernating,NULL,1,"2019-02-04 14:46:58","2019-02-04 14:46:58",501
"non-hazardous industrial waste and hazardous industrial waste",NULL,1,"2019-02-04 14:46:58","2019-02-04 14:46:58",502
"refined Zn",NULL,1,"2019-02-04 14:46:58","2019-02-04 14:46:58",503
"electrical and electronics",NULL,1,"2019-02-04 14:46:58","2019-02-04 14:46:58",504
miscellaneous,NULL,1,"2019-02-04 14:46:58","2019-02-04 14:46:58",505
"recycled scrap",NULL,1,"2019-02-04 14:46:58","2019-02-04 14:46:58",506
scrap,NULL,1,"2019-02-04 14:46:58","2019-02-04 14:46:58",507
concentrate,NULL,1,"2019-02-04 14:46:58","2019-02-04 14:46:58",508
"Ni matte",NULL,1,"2019-02-04 14:46:58","2019-02-04 14:46:58",509
"refined Ni",NULL,1,"2019-02-04 14:46:58","2019-02-04 14:46:58",510
packaging,NULL,1,"2019-02-04 14:46:58","2019-02-04 14:46:58",511
machinery,NULL,1,"2019-02-04 14:46:58","2019-02-04 14:46:58",512
deoxidation,NULL,1,"2019-02-04 14:46:58","2019-02-04 14:46:58",513
"aerospace and defense",NULL,1,"2019-02-04 14:46:58","2019-02-04 14:46:58",514
"sports equipment",NULL,1,"2019-02-04 14:46:58","2019-02-04 14:46:58",515
metal,NULL,1,"2019-02-04 14:46:58","2019-02-04 14:46:58",516
"steel alloys",NULL,1,"2019-02-04 14:46:58","2019-02-04 14:46:58",517
"non-ferrous alloys",NULL,1,"2019-02-04 14:46:58","2019-02-04 14:46:58",518
"chemical industry",NULL,1,"2019-02-04 14:46:58","2019-02-04 14:46:58",519
"building and infrastructure",NULL,1,"2019-02-04 14:46:58","2019-02-04 14:46:58",520
"refractory and foundries",NULL,1,"2019-02-04 14:46:58","2019-02-04 14:46:58",521
"other metallurgy",NULL,1,"2019-02-04 14:46:58","2019-02-04 14:46:58",522
"non-steel alloys",NULL,1,"2019-02-04 14:46:58","2019-02-04 14:46:58",523
"metal goods",NULL,1,"2019-02-04 14:46:58","2019-02-04 14:46:58",524
"cement carbides",NULL,1,"2019-02-04 14:46:58","2019-02-04 14:46:58",525
"household appliances and metal goods",NULL,1,"2019-02-04 14:46:58","2019-02-04 14:46:58",526
"build and infrastructure",NULL,1,"2019-02-04 14:46:58","2019-02-04 14:46:58",527
communications,NULL,1,"2019-02-04 14:46:58","2019-02-04 14:46:58",528
architecture,NULL,1,"2019-02-04 14:46:58","2019-02-04 14:46:58",529
"building plant",NULL,1,"2019-02-04 14:46:58","2019-02-04 14:46:58",530
"dissipative uses",NULL,1,"2019-02-04 14:46:58","2019-02-04 14:46:58",531
"pigments and CCA",NULL,1,"2019-02-04 14:46:58","2019-02-04 14:46:58",532
"die casting",NULL,1,"2019-02-04 14:46:58","2019-02-04 14:46:58",533
"alloys and brass",NULL,1,"2019-02-04 14:46:58","2019-02-04 14:46:58",534
"zinc chemicals",NULL,1,"2019-02-04 14:46:58","2019-02-04 14:46:58",535
"rolled zinc",NULL,1,"2019-02-04 14:46:58","2019-02-04 14:46:58",536
"sacrificial anodes",NULL,1,"2019-02-04 14:46:58","2019-02-04 14:46:58",537
"integrated circuits",NULL,1,"2019-02-04 14:46:58","2019-02-04 14:46:58",538
"optoelectronic devices",NULL,1,"2019-02-04 14:46:58","2019-02-04 14:46:58",539
"solar cells",NULL,1,"2019-02-04 14:46:58","2019-02-04 14:46:58",540
"fiber optic systems",NULL,1,"2019-02-04 14:46:58","2019-02-04 14:46:58",541
"polymerization catalysts",NULL,1,"2019-02-04 14:46:58","2019-02-04 14:46:58",542
"electronics and solar electric applications",NULL,1,"2019-02-04 14:46:58","2019-02-04 14:46:58",543
"semiconductor devices",NULL,1,"2019-02-04 14:46:58","2019-02-04 14:46:58",544
"copper alloys",NULL,1,"2019-02-04 14:46:58","2019-02-04 14:46:58",545
"glass manufacturing",NULL,1,"2019-02-04 14:46:58","2019-02-04 14:46:58",546
"chemical and pigments",NULL,1,"2019-02-04 14:46:58","2019-02-04 14:46:58",547
phosphors,NULL,1,"2019-02-04 14:46:58","2019-02-04 14:46:58",548
refractory,NULL,1,"2019-02-04 14:46:58","2019-02-04 14:46:58",549
"foundry molds",NULL,1,"2019-02-04 14:46:58","2019-02-04 14:46:58",550
"oil and gas industry",NULL,1,"2019-02-04 14:46:58","2019-02-04 14:46:58",551
"stainless steel",NULL,1,"2019-02-04 14:46:58","2019-02-04 14:46:58",552
"niobium metal and alloys",NULL,1,"2019-02-04 14:46:58","2019-02-04 14:46:58",553
"engineering steels",NULL,1,"2019-02-04 14:46:58","2019-02-04 14:46:58",554
"toll and high speed steel",NULL,1,"2019-02-04 14:46:58","2019-02-04 14:46:58",555
"pigments and flame retardants",NULL,1,"2019-02-04 14:46:58","2019-02-04 14:46:58",556
"cast iron",NULL,1,"2019-02-04 14:46:58","2019-02-04 14:46:58",557
"molybdenum metal",NULL,1,"2019-02-04 14:46:58","2019-02-04 14:46:58",558
autocatalyst,NULL,1,"2019-02-04 14:46:58","2019-02-04 14:46:58",559
glass,NULL,1,"2019-02-04 14:46:58","2019-02-04 14:46:58",560
investment,NULL,1,"2019-02-04 14:46:58","2019-02-04 14:46:58",561
"jewelry and silverware",NULL,1,"2019-02-04 14:46:58","2019-02-04 14:46:58",562
"brazing alloys",NULL,1,"2019-02-04 14:46:58","2019-02-04 14:46:58",563
"consumer batteries",NULL,1,"2019-02-04 14:46:58","2019-02-04 14:46:58",564
"industrial batteries",NULL,1,"2019-02-04 14:46:58","2019-02-04 14:46:58",565
coatings,NULL,1,"2019-02-04 14:46:58","2019-02-04 14:46:58",566
"thin-film coatings",NULL,1,"2019-02-04 14:46:58","2019-02-04 14:46:58",567
"solders and alloys",NULL,1,"2019-02-04 14:46:58","2019-02-04 14:46:58",568
"electrical components and semiconductors",NULL,1,"2019-02-04 14:46:58","2019-02-04 14:46:58",569
solder,NULL,1,"2019-02-04 14:46:58","2019-02-04 14:46:58",570
tinplate,NULL,1,"2019-02-04 14:46:58","2019-02-04 14:46:58",571
tinning,NULL,1,"2019-02-04 14:46:58","2019-02-04 14:46:58",572
"stabilizer in PVC",NULL,1,"2019-02-04 14:46:58","2019-02-04 14:46:58",573
biocide,NULL,1,"2019-02-04 14:46:58","2019-02-04 14:46:58",574
"flame retardants",NULL,1,"2019-02-04 14:46:58","2019-02-04 14:46:58",575
"lead-acid batteries",NULL,1,"2019-02-04 14:46:58","2019-02-04 14:46:58",576
"ceramic and glass",NULL,1,"2019-02-04 14:46:58","2019-02-04 14:46:58",577
"solar and PV market",NULL,1,"2019-02-04 14:46:58","2019-02-04 14:46:58",578
"thermoelectric devices",NULL,1,"2019-02-04 14:46:58","2019-02-04 14:46:58",579
"rubber applications",NULL,1,"2019-02-04 14:46:58","2019-02-04 14:46:58",580
"fluid catalysts",NULL,1,"2019-02-04 14:46:58","2019-02-04 14:46:58",581
"battery alloys",NULL,1,"2019-02-04 14:46:58","2019-02-04 14:46:58",582
"glass polishing",NULL,1,"2019-02-04 14:46:58","2019-02-04 14:46:58",583
"metallurgy excluding batteries",NULL,1,"2019-02-04 14:46:58","2019-02-04 14:46:58",584
"neodymium magnets",NULL,1,"2019-02-04 14:46:58","2019-02-04 14:46:58",586
"autocatalytic converters",NULL,1,"2019-02-04 14:46:58","2019-02-04 14:46:58",587
"medical imaging",NULL,1,"2019-02-04 14:46:58","2019-02-04 14:46:58",588
"X-ray and lasers",NULL,1,"2019-02-04 14:46:58","2019-02-04 14:46:58",589
X-ray,NULL,1,"2019-02-04 14:46:58","2019-02-04 14:46:58",590
"nuclear energy rods",NULL,1,"2019-02-04 14:46:58","2019-02-04 14:46:58",591
"plasma cutting tools manufacturing",NULL,1,"2019-02-04 14:46:58","2019-02-04 14:46:58",592
"alloy additives",NULL,1,"2019-02-04 14:46:58","2019-02-04 14:46:58",593
"sputtering targets",NULL,1,"2019-02-04 14:46:58","2019-02-04 14:46:58",594
"steel and superalloys",NULL,1,"2019-02-04 14:46:58","2019-02-04 14:46:58",595
"mill products",NULL,1,"2019-02-04 14:46:58","2019-02-04 14:46:58",596
"general catalysts",NULL,1,"2019-02-04 14:46:58","2019-02-04 14:46:58",597
"petroleum catalysts",NULL,1,"2019-02-04 14:46:58","2019-02-04 14:46:58",598
"petrochemical catalysts",NULL,1,"2019-02-04 14:46:58","2019-02-04 14:46:58",599
"electronic microscopy",NULL,1,"2019-02-04 14:46:58","2019-02-04 14:46:58",600
"hard alloys",NULL,1,"2019-02-04 14:46:58","2019-02-04 14:46:58",601
"medical and biomedical",NULL,1,"2019-02-04 14:46:58","2019-02-04 14:46:58",602
petroleum,NULL,1,"2019-02-04 14:46:58","2019-02-04 14:46:58",603
"dental and medical",NULL,1,"2019-02-04 14:46:58","2019-02-04 14:46:58",604
"artisanal and small-scale mining",NULL,1,"2019-02-04 14:46:58","2019-02-04 14:46:58",605
"vinyl chloride monomer production",NULL,1,"2019-02-04 14:46:58","2019-02-04 14:46:58",606
"chlorine caustic soda manufacturing",NULL,1,"2019-02-04 14:46:58","2019-02-04 14:46:58",607
"dental equipment and supplies",NULL,1,"2019-02-04 14:46:58","2019-02-04 14:46:58",608
"electrical and electronic devices",NULL,1,"2019-02-04 14:46:58","2019-02-04 14:46:58",609
"measuring and control devices",NULL,1,"2019-02-04 14:46:58","2019-02-04 14:46:58",610
"electrical lighting",NULL,1,"2019-02-04 14:46:58","2019-02-04 14:46:58",611
"rolled and extruded products",NULL,1,"2019-02-04 14:46:58","2019-02-04 14:46:58",612
"pigments and others",NULL,1,"2019-02-04 14:46:58","2019-02-04 14:46:58",613
shot/ammunitions,NULL,1,"2019-02-04 14:46:58","2019-02-04 14:46:58",614
"solder alloys",NULL,1,"2019-02-04 14:46:58","2019-02-04 14:46:58",615
"gasoline additives",NULL,1,"2019-02-04 14:46:58","2019-02-04 14:46:58",617
"fusible alloys; solders; and ammunition",NULL,1,"2019-02-04 14:46:58","2019-02-04 14:46:58",618
"metallurgical additives",NULL,1,"2019-02-04 14:46:58","2019-02-04 14:46:58",619
"pharmaceutical and chemicals",NULL,1,"2019-02-04 14:46:58","2019-02-04 14:46:58",620
"welding electrodes",NULL,1,"2019-02-04 14:46:58","2019-02-04 14:46:58",621
"nuclear applications",NULL,1,"2019-02-04 14:46:58","2019-02-04 14:46:58",622
"nuclear energy",NULL,1,"2019-02-04 14:46:58","2019-02-04 14:46:58",623
